{"$schema":"http://schema.management.azure.com/schemas/2015-01-01/deploymentTemplate.json#","contentVersion":"1.0.0.0","parameters":{"Inventory_Processed_Tables":{"type":"string"},"LZ_LH_Main":{"type":"string"}},"variables":{},"resources":[{"name":"LZ_DP_LoadHistoricalData","type":"pipelines","apiVersion":"2018-06-01","properties":{"activities":[{"name":"Copy_eob","type":"Copy","dependsOn":[],"policy":{"timeout":"0.12:00:00","retry":0,"retryIntervalInSeconds":30,"secureOutput":false,"secureInput":false},"typeProperties":{"source":{"type":"LakehouseTableSource","datasetSettings":{"annotations":[],"linkedService":{"name":"Inventory_Processed_Tables","properties":{"annotations":[],"type":"Lakehouse","typeProperties":{"workspaceId":"151dd109-85a3-4e5e-90ac-4e2bd243d79d","artifactId":"[parameters('Inventory_Processed_Tables')]","rootFolder":"Tables"}}},"type":"LakehouseTable","schema":[],"typeProperties":{"table":"finvhist_calculated_bkp"}}},"sink":{"type":"ParquetSink","storeSettings":{"type":"LakehouseWriteSettings"},"formatSettings":{"type":"ParquetWriteSettings","enableVertiParquet":true},"datasetSettings":{"annotations":[],"linkedService":{"name":"LZ_LH_Main","properties":{"annotations":[],"type":"Lakehouse","typeProperties":{"workspaceId":"b2c899fb-e571-4496-aebf-c7a23083635a","artifactId":"[parameters('LZ_LH_Main')]","rootFolder":"Files"}}},"type":"Parquet","typeProperties":{"location":{"type":"LakehouseLocation","fileName":"finv_hist_backup_api","folderPath":"User Created Data"},"compressionCodec":"snappy"},"schema":[]}},"enableStaging":false,"translator":{"type":"TabularTranslator","typeConversion":true,"typeConversionSettings":{"allowDataTruncation":true,"treatBooleanAsNumber":false}}}}],"lastModifiedByObjectId":"dda9e103-36ae-467a-8474-c04bd494c982","lastPublishTime":"2025-03-21T15:23:41Z"},"dependsOn":[]}]}