{"$schema":"http://schema.management.azure.com/schemas/2015-01-01/deploymentTemplate.json#","contentVersion":"1.0.0.0","parameters":{"DEV_GLD_WH":{"type":"string"},"e3c7e60c-c334-4105-ba9e-de3c801e287c":{"type":"string"}},"variables":{},"resources":[{"name":"Main_Pipeline","type":"pipelines","apiVersion":"2018-06-01","properties":{"activities":[{"name":"Fmovarti","type":"ExecutePipeline","dependsOn":[],"policy":{"secureInput":false},"typeProperties":{"pipeline":{"referenceName":"abec498e-78c1-474b-8f4d-b71da28331f7","type":"PipelineReference"},"waitOnCompletion":true,"parameters":{}}},{"name":"Sales","type":"ExecutePipeline","dependsOn":[{"activity":"Catalogs","dependencyConditions":["Completed"]},{"activity":"Fmovarti","dependencyConditions":["Succeeded"]}],"policy":{"secureInput":false},"typeProperties":{"pipeline":{"referenceName":"4d683887-3940-4d2c-876e-728f13ab47cc","type":"PipelineReference"},"waitOnCompletion":true,"parameters":{}}},{"name":"Inventory","type":"ExecutePipeline","dependsOn":[{"activity":"Sales","dependencyConditions":["Completed"]},{"activity":"Fmovarti","dependencyConditions":["Succeeded"]}],"policy":{"secureInput":false},"typeProperties":{"pipeline":{"referenceName":"44aae05c-9798-41c4-880b-0c74fd6f3c6e","type":"PipelineReference"},"waitOnCompletion":true,"parameters":{}}},{"name":"Shirinkage","type":"ExecutePipeline","dependsOn":[{"activity":"Inventory","dependencyConditions":["Completed"]},{"activity":"Fmovarti","dependencyConditions":["Succeeded"]}],"policy":{"secureInput":false},"typeProperties":{"pipeline":{"referenceName":"4a07cc2e-74fc-4072-b02c-08c1f05e4b0a","type":"PipelineReference"},"waitOnCompletion":true,"parameters":{}}},{"name":"Transactions","type":"ExecutePipeline","dependsOn":[{"activity":"Shirinkage","dependencyConditions":["Completed"]}],"policy":{"secureInput":false},"typeProperties":{"pipeline":{"referenceName":"db22cfef-6c1c-4496-a394-6e8a271dda1a","type":"PipelineReference"},"waitOnCompletion":true,"parameters":{}}},{"name":"Catalogs","type":"ExecutePipeline","dependsOn":[{"activity":"Fmovarti","dependencyConditions":["Completed"]}],"policy":{"secureInput":false},"typeProperties":{"pipeline":{"referenceName":"b93b2de6-1f4e-4cba-aedc-f0156470e551","type":"PipelineReference"},"waitOnCompletion":true,"parameters":{}}},{"name":"Refresh_View","type":"SqlServerStoredProcedure","dependsOn":[{"activity":"Transactions","dependencyConditions":["Completed"]}],"policy":{"timeout":"0.12:00:00","retry":0,"retryIntervalInSeconds":30,"secureOutput":false,"secureInput":false},"typeProperties":{"storedProcedureName":"[[dbo].[RefreshSemanticModelViews]"},"linkedService":{"name":"DEV_GLD_WH","properties":{"annotations":[],"type":"DataWarehouse","typeProperties":{"endpoint":"bazn5fh6wp2e5csxwenfncujve-qvuccbbooryexnt2m2dc3kjzce.datawarehouse.fabric.microsoft.com","artifactId":"[parameters('DEV_GLD_WH')]","workspaceId":"04216885-742e-4b70-b67a-66862da93911"}}}}],"lastModifiedByObjectId":"fc3d941c-972e-4a77-a543-4aaa303d0311","lastPublishTime":"2025-05-05T22:58:03Z"},"dependsOn":[]},{"name":"DP_Fmovarti","type":"pipelines","apiVersion":"2018-06-01","properties":{"activities":[{"name":"DEV_SLV_NB_FMovarti_Historical_From_ADF","type":"TridentNotebook","dependsOn":[],"policy":{"timeout":"0.12:00:00","retry":0,"retryIntervalInSeconds":30,"secureOutput":false,"secureInput":false},"typeProperties":{"notebookId":"ce856a21-5063-482b-8ee0-804cd120f44a","workspaceId":"177b0c4d-a414-4e32-90f4-a232672971d6"}}],"lastModifiedByObjectId":"fc3d941c-972e-4a77-a543-4aaa303d0311","lastPublishTime":"2025-04-21T22:47:08Z"},"dependsOn":[]},{"name":"DP_Sales","type":"pipelines","apiVersion":"2018-06-01","properties":{"activities":[{"name":"Fact Sales","type":"TridentNotebook","dependsOn":[],"policy":{"timeout":"0.12:00:00","retry":0,"retryIntervalInSeconds":30,"secureOutput":false,"secureInput":false},"typeProperties":{"notebookId":"f540f90c-3577-43c2-98ec-0b4b86f17ded","workspaceId":"177b0c4d-a414-4e32-90f4-a232672971d6"}},{"name":"MergeFactSales","type":"SqlServerStoredProcedure","dependsOn":[{"activity":"Fact Sales","dependencyConditions":["Succeeded"]}],"policy":{"timeout":"0.12:00:00","retry":0,"retryIntervalInSeconds":30,"secureOutput":false,"secureInput":false},"typeProperties":{"storedProcedureName":"[[dbo].[RecreateFactSales]"},"linkedService":{"name":"DEV_GLD_WH","properties":{"annotations":[],"type":"DataWarehouse","typeProperties":{"endpoint":"bazn5fh6wp2e5csxwenfncujve-qvuccbbooryexnt2m2dc3kjzce.datawarehouse.fabric.microsoft.com","artifactId":"[parameters('DEV_GLD_WH')]","workspaceId":"04216885-742e-4b70-b67a-66862da93911"}}}}],"parameters":{"Source":{"type":"string","defaultValue":"Historical"}},"lastModifiedByObjectId":"010c50d8-076b-4402-8597-f87e11e769a6","lastPublishTime":"2025-04-17T16:16:00Z"},"dependsOn":[]},{"name":"DP_Inventory","type":"pipelines","apiVersion":"2018-06-01","properties":{"activities":[{"name":"Inventory Load","type":"TridentNotebook","dependsOn":[{"activity":"Starting Point Load","dependencyConditions":["Succeeded"]}],"policy":{"timeout":"0.12:00:00","retry":0,"retryIntervalInSeconds":30,"secureOutput":false,"secureInput":false},"typeProperties":{"notebookId":"d0428741-776c-45bc-af97-4ee0990a0632","workspaceId":"177b0c4d-a414-4e32-90f4-a232672971d6"}},{"name":"MergeFactInventory","type":"SqlServerStoredProcedure","dependsOn":[{"activity":"Wait","dependencyConditions":["Succeeded"]}],"policy":{"timeout":"0.12:00:00","retry":0,"retryIntervalInSeconds":30,"secureOutput":false,"secureInput":false},"typeProperties":{"storedProcedureName":"[[dbo].[MergeFactInventory]"},"linkedService":{"name":"DEV_GLD_WH","properties":{"annotations":[],"type":"DataWarehouse","typeProperties":{"endpoint":"bazn5fh6wp2e5csxwenfncujve-qvuccbbooryexnt2m2dc3kjzce.datawarehouse.fabric.microsoft.com","artifactId":"[parameters('DEV_GLD_WH')]","workspaceId":"04216885-742e-4b70-b67a-66862da93911"}}}},{"name":"Rename Inventory","type":"SqlServerStoredProcedure","dependsOn":[{"activity":"MergeFactInventory","dependencyConditions":["Succeeded"]}],"policy":{"timeout":"0.12:00:00","retry":0,"retryIntervalInSeconds":30,"secureOutput":false,"secureInput":false},"typeProperties":{"storedProcedureName":"[[dbo].[rename_inventory]"},"linkedService":{"name":"DEV_GLD_WH","properties":{"annotations":[],"type":"DataWarehouse","typeProperties":{"endpoint":"bazn5fh6wp2e5csxwenfncujve-qvuccbbooryexnt2m2dc3kjzce.datawarehouse.fabric.microsoft.com","artifactId":"[parameters('DEV_GLD_WH')]","workspaceId":"04216885-742e-4b70-b67a-66862da93911"}}}},{"name":"Starting Point Load","type":"TridentNotebook","dependsOn":[],"policy":{"timeout":"0.12:00:00","retry":0,"retryIntervalInSeconds":30,"secureOutput":false,"secureInput":false},"typeProperties":{"notebookId":"636dc779-97f4-4b45-a50f-80f51e5e6d8c","workspaceId":"177b0c4d-a414-4e32-90f4-a232672971d6"}},{"name":"Wait","type":"Wait","dependsOn":[{"activity":"Inventory Load","dependencyConditions":["Succeeded"]}],"typeProperties":{"waitTimeInSeconds":300}}],"lastModifiedByObjectId":"010c50d8-076b-4402-8597-f87e11e769a6","lastPublishTime":"2025-04-17T16:15:53Z"},"dependsOn":[]},{"name":"DP_Shrinkage","type":"pipelines","apiVersion":"2018-06-01","properties":{"activities":[{"name":"DEV_SLV_NB_Fact_Shrinkage","type":"TridentNotebook","dependsOn":[],"policy":{"timeout":"0.12:00:00","retry":0,"retryIntervalInSeconds":30,"secureOutput":false,"secureInput":false},"typeProperties":{"notebookId":"b09009d1-371a-4b7a-b406-4abd3a01fcf9","workspaceId":"177b0c4d-a414-4e32-90f4-a232672971d6"}}],"lastModifiedByObjectId":"010c50d8-076b-4402-8597-f87e11e769a6","lastPublishTime":"2025-04-17T16:16:08Z"},"dependsOn":[]},{"name":"DP_Transaccion","type":"pipelines","apiVersion":"2018-06-01","properties":{"activities":[{"name":"DEV_SLV_NB_Fact_Transactions","type":"TridentNotebook","dependsOn":[],"policy":{"timeout":"0.12:00:00","retry":0,"retryIntervalInSeconds":30,"secureOutput":false,"secureInput":false},"typeProperties":{"notebookId":"813dadf7-d5b1-4b7d-896d-b3e24fac7ffe","workspaceId":"177b0c4d-a414-4e32-90f4-a232672971d6"}},{"name":"MergeFactTicketsDailyStores","type":"SqlServerStoredProcedure","dependsOn":[{"activity":"DEV_SLV_NB_Fact_Transactions","dependencyConditions":["Succeeded"]}],"policy":{"timeout":"0.12:00:00","retry":0,"retryIntervalInSeconds":30,"secureOutput":false,"secureInput":false},"typeProperties":{"storedProcedureName":"[[dbo].[MergeFactTicketsDailyStores]"},"linkedService":{"name":"DEV_GLD_WH","properties":{"annotations":[],"type":"DataWarehouse","typeProperties":{"endpoint":"bazn5fh6wp2e5csxwenfncujve-qvuccbbooryexnt2m2dc3kjzce.datawarehouse.fabric.microsoft.com","artifactId":"[parameters('DEV_GLD_WH')]","workspaceId":"04216885-742e-4b70-b67a-66862da93911"}}}}],"lastModifiedByObjectId":"010c50d8-076b-4402-8597-f87e11e769a6","lastPublishTime":"2025-04-17T16:16:19Z"},"dependsOn":[]},{"name":"DP_Catalog","type":"pipelines","apiVersion":"2018-06-01","properties":{"activities":[{"name":"DimStores Notebook","type":"TridentNotebook","dependsOn":[{"activity":"DimProducts","dependencyConditions":["Succeeded"]}],"policy":{"timeout":"0.12:00:00","retry":0,"retryIntervalInSeconds":30,"secureOutput":false,"secureInput":false},"typeProperties":{"notebookId":"ccd52d72-ed54-489d-a47b-7b674018185b","workspaceId":"177b0c4d-a414-4e32-90f4-a232672971d6"}},{"name":"Merge_Dim_Store_From","type":"SqlServerStoredProcedure","dependsOn":[{"activity":"DimStores Notebook","dependencyConditions":["Succeeded"]}],"policy":{"timeout":"0.12:00:00","retry":0,"retryIntervalInSeconds":30,"secureOutput":false,"secureInput":false},"typeProperties":{"storedProcedureName":"[[dbo].[MergeDimStoresFrom]"},"linkedService":{"name":"DEV_GLD_WH","properties":{"annotations":[],"type":"DataWarehouse","typeProperties":{"endpoint":"bazn5fh6wp2e5csxwenfncujve-qvuccbbooryexnt2m2dc3kjzce.datawarehouse.fabric.microsoft.com","artifactId":"[parameters('DEV_GLD_WH')]","workspaceId":"04216885-742e-4b70-b67a-66862da93911"}}}},{"name":"DimProducts","type":"TridentNotebook","dependsOn":[],"policy":{"timeout":"0.12:00:00","retry":0,"retryIntervalInSeconds":30,"secureOutput":false,"secureInput":false},"typeProperties":{"notebookId":"c84ddea4-5ed3-4a22-baaf-6150f793e8bd","workspaceId":"177b0c4d-a414-4e32-90f4-a232672971d6"}},{"name":"MergeDimProducts","type":"SqlServerStoredProcedure","dependsOn":[{"activity":"DimStores Notebook","dependencyConditions":["Succeeded"]}],"policy":{"timeout":"0.12:00:00","retry":0,"retryIntervalInSeconds":30,"secureOutput":false,"secureInput":false},"typeProperties":{"storedProcedureName":"[[dbo].[MergeDimProducts]"},"linkedService":{"name":"DEV_GLD_WH","properties":{"annotations":[],"type":"DataWarehouse","typeProperties":{"endpoint":"bazn5fh6wp2e5csxwenfncujve-qvuccbbooryexnt2m2dc3kjzce.datawarehouse.fabric.microsoft.com","artifactId":"[parameters('DEV_GLD_WH')]","workspaceId":"04216885-742e-4b70-b67a-66862da93911"}}}},{"name":"Dim Stores Refresh","type":"PBISemanticModelRefresh","state":"Inactive","onInactiveMarkAs":"Succeeded","dependsOn":[{"activity":"Dim Products Refresh","dependencyConditions":["Succeeded"]}],"policy":{"timeout":"0.12:00:00","retry":0,"retryIntervalInSeconds":30,"secureOutput":false,"secureInput":false},"typeProperties":{"method":"post","waitOnCompletion":true,"commitMode":"Transactional","operationType":"SemanticModelRefresh","groupId":"177b0c4d-a414-4e32-90f4-a232672971d6"},"externalReferences":{"connection":"[parameters('e3c7e60c-c334-4105-ba9e-de3c801e287c')]"}},{"name":"Dim Products Refresh","type":"PBISemanticModelRefresh","state":"Inactive","onInactiveMarkAs":"Succeeded","dependsOn":[{"activity":"MergeDimProducts","dependencyConditions":["Succeeded"]}],"policy":{"timeout":"0.12:00:00","retry":0,"retryIntervalInSeconds":30,"secureOutput":false,"secureInput":false},"typeProperties":{"method":"post","waitOnCompletion":true,"commitMode":"Transactional","operationType":"SemanticModelRefresh","groupId":"177b0c4d-a414-4e32-90f4-a232672971d6"},"externalReferences":{"connection":"[parameters('e3c7e60c-c334-4105-ba9e-de3c801e287c')]"}},{"name":"DimDate","type":"PBISemanticModelRefresh","state":"Inactive","onInactiveMarkAs":"Succeeded","dependsOn":[{"activity":"Dim Stores Refresh","dependencyConditions":["Succeeded"]}],"policy":{"timeout":"0.12:00:00","retry":0,"retryIntervalInSeconds":30,"secureOutput":false,"secureInput":false},"typeProperties":{"method":"post","waitOnCompletion":true,"commitMode":"Transactional","operationType":"SemanticModelRefresh","groupId":"177b0c4d-a414-4e32-90f4-a232672971d6"},"externalReferences":{"connection":"[parameters('e3c7e60c-c334-4105-ba9e-de3c801e287c')]"}}],"lastModifiedByObjectId":"010c50d8-076b-4402-8597-f87e11e769a6","lastPublishTime":"2025-04-17T16:15:33Z"},"dependsOn":[]}]}